{
     "name": "Hello World",
     "description": "Atlassian Connect add-on",
     "key": "com.example.myaddon",
     "baseUrl": "https://<my-addon-url>",
     "vendor": {
         "name": "Example, Inc.",
         "url": "http://example.com"
     },
     "authentication": {
         "type": "none"
     },
     "apiVersion": 1,
     "modules": {
         "generalPages": [
             {
                 "url": "/helloworld.html",
                 "key": "hello-world",
                 "location": "system.top.navigation.bar",
                 "name": {
                     "value": "Greeting"
                 }
             }
         ]
     }
 }
